Game Name,Category,Link
WoW Classic 20th Anniversary,Gold,https://skycoach.gg/wow-classic-20th-anniversary-boost/gold
WoW Classic 20th Anniversary,ðŸ”¥Phase 4,https://skycoach.gg/wow-classic-20th-anniversary-boost/phase-services
WoW Classic 20th Anniversary,Powerleveling,https://skycoach.gg/wow-classic-20th-anniversary-boost/powerleveling
WoW Classic 20th Anniversary,Hardcore Powerleveling,https://skycoach.gg/wow-classic-20th-anniversary-boost/hardcore-powerleveling
WoW Classic 20th Anniversary,Raids,https://skycoach.gg/wow-classic-20th-anniversary-boost/raids
WoW Classic 20th Anniversary,Dungeons,https://skycoach.gg/wow-classic-20th-anniversary-boost/dungeons
WoW Classic 20th Anniversary,PvP,https://skycoach.gg/wow-classic-20th-anniversary-boost/pvp
WoW Classic 20th Anniversary,Reputations,https://skycoach.gg/wow-classic-20th-anniversary-boost/reputations
WoW Classic 20th Anniversary,Gearing,https://skycoach.gg/wow-classic-20th-anniversary-boost/gearing
WoW Classic 20th Anniversary,Mounts,https://skycoach.gg/wow-classic-20th-anniversary-boost/mounts
WoW Classic 20th Anniversary,Professions,https://skycoach.gg/wow-classic-20th-anniversary-boost/professions
