Game Name,Category,Link,Subcategory
WoW Season of Discovery,ðŸ”¥Phase 8,https://skycoach.gg/wow-season-of-discovery-boost/phase-services,
WoW Season of Discovery,Gold,https://skycoach.gg/wow-season-of-discovery-boost/gold,
WoW Season of Discovery,Powerleveling,https://skycoach.gg/wow-season-of-discovery-boost/powerleveling,
WoW Season of Discovery,Raids,https://skycoach.gg/wow-season-of-discovery-boost/raids,
WoW Season of Discovery,Raids,https://skycoach.gg/wow-season-of-discovery-boost/raids/scarlet-enclave,Scarlet Enclave
WoW Season of Discovery,Raids,https://skycoach.gg/wow-season-of-discovery-boost/raids/naxxramas,Naxxramas
WoW Season of Discovery,Raids,https://skycoach.gg/wow-season-of-discovery-boost/raids/ahn-qiraj,Ahnâ€™Qiraj
WoW Season of Discovery,Raids,https://skycoach.gg/wow-season-of-discovery-boost/raids/blackwing-lair,Blackwing Lair
WoW Season of Discovery,Raids,https://skycoach.gg/wow-season-of-discovery-boost/raids/zulgurub,Zul'Gurub
WoW Season of Discovery,Raids,https://skycoach.gg/wow-season-of-discovery-boost/raids/onyxias-lair,Onyxia's Lair
WoW Season of Discovery,Raids,https://skycoach.gg/wow-season-of-discovery-boost/raids/molten-core,Molten Core
WoW Season of Discovery,Gearing,https://skycoach.gg/wow-season-of-discovery-boost/gearing,
WoW Season of Discovery,Dungeons,https://skycoach.gg/wow-season-of-discovery-boost/dungeons,
WoW Season of Discovery,Mounts,https://skycoach.gg/wow-season-of-discovery-boost/mounts,
WoW Season of Discovery,PVP,https://skycoach.gg/wow-season-of-discovery-boost/pvp,
WoW Season of Discovery,Professions,https://skycoach.gg/wow-season-of-discovery-boost/professions,
WoW Season of Discovery,Reputations,https://skycoach.gg/wow-season-of-discovery-boost/reputations,
